-0.000000,0.000000
40.022153,159.170115
35.949219,151.668418
32.261152,150.387728
21.241282,148.900058
17.911381,144.700910
19.036331,139.322523
19.697424,134.504762
19.393530,131.007411
18.247790,131.057725
18.142322,131.284492
20.569988,128.951263
20.737269,125.832970
21.486748,124.778625
25.127984,122.168094
25.672556,119.533283
25.923734,118.112457
26.664530,116.607028
31.741082,116.602600
34.217678,115.164420
36.866580,112.943413
33.666494,113.804039
29.756343,112.100429
31.419078,109.133545
32.866608,106.753115
31.096896,106.666718
26.745058,104.040344
28.326330,101.169754
31.220379,100.754642
32.766134,99.339056
30.794184,96.618958
24.515406,95.295845
17.548346,91.014304
9.590603,88.657337
2.578641,84.251576
-6.893777,82.932949
-19.266120,82.253566
-28.392649,80.769321
-35.169773,78.073872
-40.200703,79.304923
-38.308807,82.060177
-42.549702,84.363051
-44.920453,84.600856
-49.833219,81.155866
-53.222934,79.097183
-59.107233,77.797532
-69.154817,74.822954
-75.734593,72.153599
-80.802755,69.853937
-84.643497,66.094805
-84.284892,64.733754
-82.348093,61.414495
-81.212337,60.374047
-84.210459,57.877428
-86.244468,52.581001
-88.514983,50.076915
-92.819672,47.062552
-94.819192,45.293536
-95.956087,41.884705
-97.860935,37.081223
-101.425557,32.132936
-108.874425,26.643575
-115.734296,21.815921
-131.083829,8.243075
-140.270196,5.584089
-150.412580,-3.110170
-155.564584,-14.146687
-157.594650,-22.661463
-165.609408,-25.752711
-176.148522,-28.673883
-193.576072,-31.694007
-205.244078,-35.034336
-214.187536,-36.006771
-217.152081,-38.571678
-218.667424,-37.647523
-215.168442,-35.157112
-211.869336,-34.310055
-211.572568,-33.809553
-214.155635,-32.569648
-211.623627,-27.348314
-214.024499,-24.477520
-220.500443,-25.539649
-230.855718,-25.057115
-234.046685,-25.910623
-239.674484,-27.774852
-247.365812,-31.328220
-254.139985,-34.589170
-262.682755,-37.338612
-267.265844,-40.742916
-274.039077,-42.972761
-274.537119,-40.262336
-274.499170,-41.985854
-274.235543,-41.386721
-274.834298,-42.978513
-281.010874,-46.046424
-284.831982,-46.175936
-286.597470,-50.901550
-292.597257,-50.806301
-299.978149,-49.231705
-300.012450,-50.923826
-306.929424,-49.986017
-313.952828,-45.605838
-321.911517,-46.981490
-335.734948,-53.613741
-342.537197,-57.469838
-351.654498,-60.330333
-355.355822,-65.673549
-361.057572,-71.839548
-364.777014,-72.841683
-388.886931,-76.496154
-397.418641,-79.544977
-399.051036,-82.274419
-405.512901,-87.839622
-401.028759,-88.864549
-398.363323,-92.350054
-398.946271,-99.743256
-397.079516,-104.819415
-396.074778,-109.225235
-393.925272,-115.239872
-393.965794,-120.732700
-385.029695,-118.095017
-384.676393,-118.071439
-402.492176,-129.713187
-413.247855,-139.073790
-418.559502,-146.761559
-420.029943,-155.458968
-419.359694,-156.612775
-419.966445,-157.396230
-422.815074,-157.830527
-425.989503,-161.573344
-428.323553,-162.778370
-434.183799,-166.372151
-435.034645,-172.347509
-445.244451,-172.964606
-456.029710,-178.569175
-468.314064,-185.740378
-473.878544,-196.479243
-473.555331,-196.348018
-474.966881,-199.302776
-474.956680,-209.059090
-678.855694,499.515732
-672.587786,521.101726
-663.883657,547.601959
-657.320511,569.826601
-647.082811,593.291333
-639.010893,606.920182
-631.842969,612.484168
-623.023333,619.195406
-610.919515,616.615787
-605.546715,619.925568
-599.145612,621.807188
-587.390083,618.550468
-578.124328,622.469503
-572.724746,626.405619
-567.818003,631.355279
-562.075368,638.774362
-551.008142,655.514440
-543.857022,668.891798
-541.279962,672.735356
-534.190006,674.876479
-530.178958,672.157594
-526.000842,669.005869
-521.570966,667.569960
-516.727701,665.396499
-511.974226,662.851004
-506.039462,662.827567
-500.463613,661.643948
-493.896105,662.467422
-488.588918,663.260058
-482.948251,665.485410
-477.185854,667.317228
-471.465308,668.971938
-466.300541,670.774981
-461.122451,670.503395
-455.557768,669.736615
-451.671877,665.972795
-445.377295,664.090839
-440.010801,662.225433
-434.947126,661.246304
-432.051964,656.161376
-427.512214,653.164880
-422.576748,648.193140
-417.874738,642.255128
-412.483617,639.084362
-404.891649,638.193810
-399.184781,635.714021
-393.851092,634.953326
-388.583098,631.642321
-382.527326,628.826106
-378.093738,624.819835
-371.170042,623.383769
-365.201775,617.327940
-360.727409,615.720152
-355.070640,611.955286
-350.975348,607.885378
-345.153446,604.064293
-338.954259,600.549778
-332.027727,595.991457
-327.166860,591.496711
-322.788313,590.072307
-316.183229,590.060934
-305.909342,586.525199
-300.821528,580.499871
-295.218760,575.804396
-289.686602,574.603053
-283.571188,570.745500
-276.831267,567.839409
-272.195457,566.082839
-266.389820,562.864428
-263.994875,555.935301
-258.678130,552.475903
-255.489363,548.212952
-252.204873,544.204263
-250.100295,539.238462
-251.288858,531.958933
-252.121119,524.548026
-252.066723,518.874069
-254.549539,508.262003
-254.284659,501.280649
-251.657066,497.247497
-247.219077,492.018653
-241.423034,484.977738
-237.706828,477.054001
-232.776625,470.043744
-228.138410,463.086046
-224.748839,457.372888
-220.154791,452.744427
-214.651957,448.352390
-210.337081,444.114916
-207.714013,442.064684
-202.977648,438.207929
-194.484191,436.497824
-186.017705,429.885807
-181.953406,423.659338
-176.385497,419.947523
-171.265702,416.918697
-167.719970,411.904124
-166.302327,403.460614
-160.946029,398.736885
-155.824086,395.215130
-146.635367,393.608828
-139.269989,392.166118
-133.277422,388.776392
-127.364792,384.998822
-121.315860,383.517198
-115.453895,379.562302
-110.095939,378.750873
-102.215419,376.798335
-92.809657,373.757036
-86.746671,373.081543
-81.335344,368.214944
-76.496590,363.232692
-72.980938,356.977026
-69.176409,349.710649
-64.272931,344.955952
-59.662029,343.651968
-55.670236,337.438387
-50.898704,334.618623
-46.609161,330.053975
-44.219334,325.881983
-40.979315,321.352860
-38.512866,321.980822
-31.063388,322.665531
-22.430265,322.003450
-15.403493,318.858083
-8.700727,316.498115
-4.405422,313.665251
1.325315,311.983369
7.158777,309.294790
13.949203,304.471584
20.996047,303.452101
27.707457,301.008569
28.857471,293.053705
30.074380,287.690349
33.034823,281.029078
36.053641,274.755661
38.040745,269.464673
39.991420,265.298724
40.510699,260.682126
41.363517,256.721785
41.773533,250.586284
41.533864,241.033804
42.467926,236.002305
44.336567,228.648375
45.974243,220.791705
51.429951,214.463656
54.070991,209.528914
57.899129,205.749171
60.466693,203.299737
61.000179,197.554429
64.528355,189.876569
63.029414,183.245213
65.542425,173.997789
63.576357,166.516469
66.412272,155.641271
65.273323,148.308133
65.489732,142.456062
67.990694,135.765079
68.080512,124.784984
70.354755,119.847352
71.001846,110.511851
70.586130,98.997395
71.860716,88.273693
66.920290,77.223628
68.495778,69.274788
70.779613,60.463530
70.235401,49.740363
74.288254,44.097739
74.247185,37.420532
77.063088,30.546096
82.955536,27.939972
94.502812,29.097688
105.924023,35.441559
121.655676,44.273626
131.613858,45.798640
138.787800,46.254895
142.374442,42.675583
150.265539,37.952638
153.506574,32.325521
154.751576,25.563519
158.885911,19.955130
161.011387,14.054688
162.404301,5.105845
163.414278,-0.959832
166.083878,-6.729007
170.966627,-16.075733
175.553512,-21.316171
180.546069,-24.517475
185.049161,-30.420397
190.536010,-36.048092
191.867890,-45.887299
193.253326,-52.674114
194.086989,-58.354944
194.338872,-63.618663
194.531957,-72.255496
197.649684,-76.970962
201.375535,-81.199587
203.475708,-82.526830
205.475639,-85.176381
207.140510,-92.942389
204.279397,-100.504272
205.332318,-105.938400
203.796775,-116.228897
203.981695,-124.107726
202.889021,-135.312511
202.971853,-144.106426
202.916718,-154.295457
204.246743,-161.985219
202.179499,-168.478365
201.617788,-175.977606
202.188056,-182.660692
201.764388,-186.506724
202.773835,-190.525259
204.757320,-197.048659
202.296843,-201.814295
203.520540,-204.269390
201.805960,-205.740704
202.475433,-209.532261
201.502997,-213.874704
192.621758,-222.076226
188.769701,-230.022090
183.676484,-235.442608
180.052473,-239.901239
177.284402,-245.498352
177.391176,-248.221553
178.144903,-248.663932
178.732424,-254.443182
180.208983,-261.887810
183.236291,-262.647504
188.411499,-265.826196
190.975223,-268.914462
196.942258,-274.271174
195.411835,-282.095622
193.876444,-291.943604
195.000789,-301.776026
196.346274,-306.158135
197.941226,-311.370934
201.282920,-314.128760
204.275997,-318.134315
203.893957,-320.472351
208.815377,-321.718675
211.290244,-326.136142
213.258349,-331.536505
214.636094,-340.235526
221.097739,-347.244576
224.433473,-356.900907
228.725908,-362.847666
229.967592,-370.155696
233.037555,-376.592769
236.511365,-379.064580
238.582197,-389.045573
241.640248,-392.548034
242.904341,-391.868016
246.083645,-395.285418
252.196872,-396.917617
256.081381,-400.593812
258.691641,-404.374258
261.755336,-407.526149
262.402549,-413.277335
263.316948,-416.976253
264.272870,-418.621132
265.788407,-420.080076
269.004962,-417.402148
270.909284,-421.142210
273.415361,-427.846354
276.656552,-432.172585
281.449639,-431.316392
287.434408,-434.313615
293.736610,-437.374827
300.062724,-438.419399
305.843062,-439.002889
312.254450,-441.301285
316.702307,-440.608505
314.813888,-451.547177
316.494558,-456.565792
319.498046,-462.947830
319.325211,-466.080493
320.071459,-468.478480
319.311179,-475.925865
317.519909,-480.820092
319.791185,-480.574947
322.357100,-483.160306
323.593954,-488.778644
327.109013,-491.102117
331.257820,-492.695044
336.499342,-491.087124
339.938426,-492.122019
344.130596,-490.943083
349.162491,-491.318510
356.101450,-490.252398
360.497225,-489.841127
365.664873,-486.757922
370.962661,-485.726069
374.620442,-482.526616
377.975099,-482.576835
385.013049,-483.975505
390.036561,-483.250017
396.837672,-483.902151
400.840708,-485.642989
404.831935,-486.284392
409.238271,-486.594463
415.461016,-486.248152
421.695452,-483.079661
425.460862,-481.591552
428.829829,-481.389147
431.925632,-483.076149
432.125234,-486.256213
433.187803,-486.411767
437.154724,-483.947436
441.162384,-477.948121
443.918054,-475.540650
447.238499,-473.699997
451.384220,-471.485454
452.852978,-469.336459
454.090030,-467.942145
459.610288,-466.408126
461.511110,-463.533598
464.204352,-458.236043
469.284099,-455.831163
471.840281,-455.123276
474.958567,-449.132915
475.135300,-449.093715
476.604160,-445.525668
477.399871,-445.262435
477.460748,-444.102213
476.031616,-440.248072
474.630521,-437.221398
477.778300,-428.512504
479.584407,-424.187984
482.864100,-417.424795
485.803635,-414.214979
487.996084,-414.059838
490.072345,-410.612748
491.500782,-407.820071
492.416298,-404.859560
493.293925,-398.047803
494.254509,-393.590539
494.269921,-388.254784
493.816304,-384.485061
494.638242,-380.759763
495.861673,-377.195294
498.059401,-374.706912
499.306964,-372.685612
501.096853,-368.935184
504.493886,-364.329764
507.469400,-361.649279
509.381208,-358.671426
512.941995,-354.826218
515.931467,-355.913150
515.631639,-352.211991
517.469635,-346.202682
520.008061,-343.476251
521.258280,-339.728425
522.516322,-339.192958
523.568673,-336.945460
529.815745,-331.702892
532.562039,-326.148367
537.777870,-319.043657
541.541035,-313.557166
547.275926,-304.088883
549.352844,-299.447045
557.131512,-290.758722
565.073359,-279.214361
569.733413,-272.374181
571.514777,-267.112177
571.783584,-262.480076
574.269700,-258.475741
577.716933,-254.089027
581.118075,-247.556547
589.101651,-237.492534
589.739545,-232.277171
591.089216,-227.650974
590.810816,-225.265776
588.476210,-226.751178
588.035808,-224.543892
588.327369,-222.045867
588.396891,-219.911447
589.507979,-218.698798
585.073261,-216.916827
583.707020,-218.096659
581.556451,-217.909176
585.806980,-211.996908
588.569146,-207.726031
590.934145,-203.085707
595.326825,-199.116799
597.999252,-192.277796
599.255908,-184.363990
597.342453,-182.045528
594.954440,-178.890068
591.506237,-175.974948
591.352382,-174.543450
588.891499,-176.598174
586.599532,-178.285179
584.401163,-176.993035
580.092954,-178.835307
580.044533,-172.249503
586.060491,-165.659434
591.255156,-156.946384
603.541863,-143.954887
608.567501,-136.456604
609.319536,-135.073997
610.845141,-134.249043
615.762978,-129.474415
618.012764,-126.942678
622.295838,-124.233614
626.259110,-119.788373
629.080515,-117.899022
628.371926,-117.836978
627.273345,-117.434100
627.066606,-117.562033
627.281024,-117.262884
627.264733,-116.706266
627.115089,-118.433471
627.057242,-119.835824
626.338196,-120.346208
625.223796,-121.722844
626.633807,-121.807192
623.890552,-124.807323
621.938970,-126.578354
623.374008,-122.556296
631.177371,-114.935805
631.899944,-105.970150
632.092708,-102.679062
631.514221,-97.685579
633.102808,-93.692447
638.773726,-92.230051
643.409682,-89.502899
645.945347,-88.152268
647.537658,-86.302116
649.574668,-81.902932
653.500613,-79.428778
656.340270,-75.356796
657.925737,-68.846291
662.583157,-68.878507
669.446527,-69.364006
674.321832,-68.107949
679.515978,-65.436702
685.146426,-64.938221
690.161382,-63.420078
694.751646,-63.995092
699.285092,-61.582732
702.738109,-58.877715
707.131048,-56.038216
708.238473,-58.454927
708.104044,-59.109861
705.093311,-54.477139
698.430485,-49.664721
690.299082,-44.844004
680.186124,-43.771108
671.288177,-42.355070
670.556732,-39.544113
665.607091,-37.548740
660.610341,-33.324329
656.078102,-32.095589
654.780637,-27.525886
654.076486,-19.855637
659.028272,-12.435469
661.849373,-6.963813
662.508529,-1.858761
662.107198,2.528134
658.022808,4.153347
655.186302,6.464899
650.251367,3.968702
638.712110,3.909684
635.846601,9.587898
633.952424,12.376138
631.845224,15.427525
628.428947,16.370190
626.849280,19.155459
624.262704,22.638291
623.934769,28.676686
622.709901,35.327269
624.244535,39.755670
622.561062,40.547898
623.511274,43.483051
623.084203,43.600342
623.807041,47.024517
626.118010,48.989735
626.136016,48.786905
626.111463,48.925278
626.341013,54.587012
622.971272,55.993683
618.909365,58.796619
615.950272,61.977283
611.650004,66.229525
608.877558,69.291651
610.824432,75.550811
608.224261,76.656772
604.626827,78.153491
599.453781,78.764919
592.242478,76.946394
586.268550,76.392081
583.638261,76.944436
575.970009,72.104000
571.304398,72.083514
569.138243,76.197839
570.946745,81.882764
574.189382,89.653480
579.239462,94.917805
583.718376,100.952439
591.256498,108.152493
596.303100,111.308691
598.337393,118.195166
599.847151,123.685142
601.965668,129.558357
597.466337,135.324594
598.056937,135.969775
604.001556,143.181042
619.574152,158.560467
628.536779,170.325773
632.061305,176.849500
634.539027,183.889773
637.979234,186.335144
640.115977,189.388318
638.953477,193.726485
637.971610,196.381344
638.154126,199.888065
642.302501,202.901267
641.822471,207.360738
635.421990,204.863173
636.822428,209.513431
641.131758,215.199757
644.166936,214.679978
637.329592,209.976481
628.496228,207.457735
625.377966,211.825201
626.250461,214.384405
627.478380,216.842676
624.953690,221.787196
622.648118,224.994085
624.422355,229.506115
626.837778,233.903215
627.748572,236.001877
627.240987,235.206192
629.237290,235.941139
630.905322,239.441671
629.324425,244.319828
627.743029,244.532402
628.949026,248.152669
633.772009,251.799925
637.337610,255.650106
645.436289,263.931465
648.440822,268.205179
651.118341,269.186344
655.130888,269.927976
658.428524,272.485225
660.831293,274.468279
664.729285,273.989016
668.480619,274.580340
669.891740,273.278788
673.186955,272.897873
677.636334,273.942927
679.686267,273.320858
683.914401,273.926274
686.543639,277.214748
689.213711,281.230395
693.564076,281.112783
697.974427,280.871611
702.026818,279.624144
705.719704,279.511139
707.957659,281.868575
710.573177,284.405621
717.296848,287.729997
720.581507,283.213759
723.455366,283.066045
725.511271,284.740605
728.917850,287.216638
731.657882,292.786395
734.434839,296.106190
736.332891,301.120227
738.107434,304.121403
738.298689,307.328779
732.647985,310.853823
730.063782,313.524613
726.286661,315.322034
725.575040,316.930244
724.728017,316.563441
724.179699,320.047700
722.243269,323.616064
721.245029,328.581768
719.252288,332.169831
717.199427,336.379408
719.189287,343.439473
735.907082,357.459072
740.361945,359.162764
742.870924,360.770258
741.839918,360.101408
741.871604,360.209730
742.614540,361.090839
743.856253,364.145052
746.664129,369.131264
749.157395,372.031005
751.272088,374.330999
749.118816,377.684138
741.302231,378.002442
732.450094,380.580282
723.979717,381.417521
723.267216,385.964570
724.687372,387.963895
726.275484,394.291625
722.644213,397.784863
721.604347,401.116550
718.768191,403.143639
716.555757,405.075511
716.055757,412.438301
716.198703,418.244081
719.470405,422.659578
720.761428,428.168706
717.348995,431.945738
715.523931,434.268738
713.289871,438.100573
711.728376,442.456824
708.402673,445.600216
707.280685,449.522135
709.861057,456.092775
713.604197,461.783651
711.426261,467.934036
709.439706,472.483718
706.219763,477.129662
705.991872,481.442099
703.415225,485.387337
702.664191,489.962660
702.817208,494.447137
700.562991,495.625459
700.800700,497.227771
702.669108,501.307787
705.559280,506.035607
711.101172,516.858946
711.732905,522.332482
713.075140,524.469170
713.398861,528.745047
715.357898,532.437559
715.739200,536.274939
722.201069,542.758883
732.486347,552.065472
737.752094,559.040670
740.341627,562.351761
745.627514,564.700794
749.363588,560.281146
748.406891,551.240860
750.494703,548.033101
753.501587,542.795468
758.013986,538.511516
762.043720,537.390884
760.485852,533.521180
765.115713,532.604683
768.136083,531.107096
770.614877,533.952519
774.900726,532.226661
778.163124,529.436862
777.469936,535.297195
778.505228,535.554376
780.713953,534.388324
784.242894,532.806761
789.948092,531.301744
794.525870,527.284783
799.442931,528.710828
804.197511,529.152863
810.421086,527.792100
816.146824,528.294392
821.620301,527.419244
824.755608,525.288156
828.423464,523.256223
829.146934,522.505332
827.676641,524.824005
829.962241,522.180045
832.729907,519.919108
836.989372,517.445640
837.341057,517.284714
839.145569,520.394911
844.289892,518.846785
847.214072,519.332570
850.637486,521.080840
854.307761,523.009714
857.396249,525.990184
861.228024,528.712603
863.826053,532.965215
866.302891,535.843072
870.502900,536.141361
873.574099,538.439978
878.719752,536.604889
883.042363,535.882365
887.481324,536.246160
891.746049,535.361880
895.272625,536.539767
896.593782,537.518056
899.137912,539.210894
904.050739,538.667483
907.376256,538.602527
910.357659,539.513052
914.778450,541.069588
917.732287,542.342695
921.604750,544.341108
926.308656,543.665207
929.794552,544.702172
933.157833,545.301061
936.811127,543.964298
942.255248,544.200713
946.524435,544.509531
951.855569,544.630494
956.399418,544.214533
963.349852,539.712930
967.614355,541.673029
974.489643,544.810582
977.289616,550.772766
983.061212,552.536969
989.205375,552.733577
993.685162,552.624665
997.094511,551.981223
1002.273043,547.349678
1007.375064,543.712025
1012.602206,540.555427
1017.843349,538.894250
1022.654233,539.240285
1025.674900,543.038949
1030.325669,543.034293
1035.404701,544.228672
1040.177126,544.418193
1047.692234,545.741251
1052.236093,546.602915
1056.625672,549.911009
1059.577155,553.529890
1062.714531,555.162899
1065.556221,555.687740
1069.484147,557.846342
1073.779700,558.484885
1078.000940,558.796014
1080.884139,558.988567
1085.830242,559.418950
1089.125668,563.030560
1092.951490,561.753927
1096.852435,563.872132
1100.931716,564.983113
1105.014834,562.638494
1109.434724,562.936100
1112.567494,567.120233
1116.536269,568.294882
1121.350542,567.070439
1126.674013,568.105414
1131.043677,572.062132
1134.171580,576.490964
1139.544326,582.011088
1145.507391,587.851942
1151.267838,594.057571
1156.317019,595.989902
1160.205284,599.607900
1164.986372,599.672394
1168.065806,601.195682
1169.983585,603.510480
1172.822408,608.003844
1175.792626,611.168585
1178.713136,613.676061
1182.627621,615.585814
1186.156065,616.420662
1190.666912,616.237316
1195.313073,617.658178
1198.272378,620.817250
1201.232751,624.341243
1203.428774,628.609953
1203.156825,629.353653
1202.851948,630.143991
1202.652259,630.766474
1202.606850,630.739302
1202.409782,630.453828
1202.187278,630.098883
1201.322851,629.871498
1201.072609,629.139382
1200.973941,629.095500
1200.709055,629.194859
1200.229889,629.344717
1199.933614,629.417463
1197.578241,628.275699
1196.058026,625.877257
1195.392715,625.600039
1194.813837,624.823662
1194.452799,619.905190
1194.322361,619.831913
1193.734685,619.610150
1193.371989,619.563210
1192.963792,619.947641
1192.400461,619.920589
1191.996295,619.579412
1193.695103,619.402857
1195.517913,618.711565
1195.736787,616.646996
1196.243199,615.904344
1197.037499,615.502624
1197.625766,614.675939
1197.990531,614.283818
1198.384774,613.570533
1198.889141,612.770327
1199.656372,611.700102
1200.066738,610.759497
1200.796920,609.772757
1201.183043,609.276664
1202.183761,611.557891
1203.233281,619.349549
1205.575139,623.667939
1210.375433,626.257966
1213.290252,629.292243
1216.112256,634.586043
1219.504060,638.419725
1223.149993,641.070422
1228.162166,641.094269
1233.091717,641.594235
1238.072129,638.967685
1239.992358,638.457774
1244.733418,636.651414
1250.838844,635.431130
1255.056222,636.784040
1258.634253,638.687094
1262.619453,641.466688
1267.413601,641.587151
1272.480338,638.351929
1278.329357,635.720365
1283.775561,635.736892
1287.127008,637.107897
1293.835224,632.823374
1299.230380,632.483000
1305.801729,633.569837
1310.449146,634.636555
1315.548798,633.623735
1321.665018,632.949235
1326.695354,634.249051
1332.538084,633.980611
1337.043904,634.090490
1341.114561,636.212120
1345.502023,637.767853
1348.081185,640.145977
1349.269148,643.392560
1350.739105,648.061480
1351.689813,652.529233
1355.451025,653.242000
1360.453713,656.730577
1361.978381,661.005872
1364.575054,664.046384
1367.634691,668.140460
1367.844104,671.721018
1372.015518,674.908507
1376.392425,679.132137
1378.078890,684.859693
1377.847685,689.257378
1380.898145,695.715644
1385.688855,702.263040
1391.483228,705.530626
1396.717773,709.120815
1402.406264,711.220376
1406.680281,714.363606
1410.404632,718.043736
1411.795503,724.015922
1413.974665,726.298130
1416.865659,730.839603
1421.144915,732.365531
1425.124139,734.382552
1427.935868,737.999467
1431.298766,742.405800
1435.574623,742.806699
1439.745671,744.943672
1444.052203,746.729119
1447.801093,749.898190
1450.791721,755.360463
1454.476227,759.426237
1460.093954,762.403847
1465.557934,766.217357
1469.834663,771.367468
1473.356717,773.792077
1477.056592,779.385566
1481.445253,783.534800
1486.294765,782.383020
1489.524328,786.480986
1494.391765,787.694627
1499.132657,790.655023
1505.862315,790.108330
1510.627927,794.420436
1517.564800,793.717064
1519.974831,796.963768
1522.082849,795.289102
1524.734338,794.371688
1528.867850,793.144617
1532.172421,794.011562
1536.441645,794.255787
1539.718239,794.866906
1543.867525,793.942872
1548.971926,794.526860
1548.647883,794.153507
1546.920946,794.825345
1546.973690,794.761904
1547.138036,794.798906
1546.934870,794.312146
1548.963889,795.845823
1552.973713,796.775748
1558.490687,796.584813
1562.635929,796.857078
1567.506333,796.832858
1573.432367,794.179337
1578.153873,791.890648
1582.902972,790.443577
1586.626878,790.035336
1590.657424,788.388478
1595.308120,784.797739
1600.375870,782.256788
1604.403124,779.849150
1609.236885,777.013804
1613.017434,774.840220
1616.944447,770.651160
1621.445480,767.780666
1624.018219,762.607809
1626.086953,758.435729
1629.482508,759.020545
1634.423537,758.588842
1638.535108,755.572865
1642.593451,753.840776
1646.752736,751.073071
1649.613658,745.711276
1652.292213,743.499563
1655.975920,741.445765
1661.649896,740.497855
1667.186229,738.572043
1673.466986,737.011810
1678.426149,737.472186
1681.848082,734.777215
1686.785798,732.665788
1689.954633,731.780210
1693.448283,731.754701
1697.677591,732.896857
1704.116837,730.052802
1709.633167,728.348002
1714.481706,726.644574
1720.116775,724.345348
1724.687402,725.381752
1727.944714,724.224700
1732.971072,723.691798
1737.198892,723.393673
1742.406848,721.227821
1747.649040,720.300462
1752.341273,720.045788
1755.370288,719.989344
1760.051922,720.278267
1763.861344,722.831154
1768.772348,723.317195
1773.369134,724.504822
1776.606582,725.612563
1780.158953,724.153939
1783.151697,724.862293
1785.886762,725.500437
1790.254601,726.331994
1793.692387,727.629501
1798.637988,727.828027
1803.838736,726.127116
1807.016052,727.507710
1811.365580,728.399504
1815.346966,729.399507
1819.951898,729.812135
1824.664963,730.442549
1828.703738,731.889655
1834.353531,731.399666
1838.008846,730.717258
1842.877597,729.557535
1846.876446,728.764137
1849.788904,728.859438
1854.290473,729.642546
1860.765919,731.194628
1864.450517,732.161843
1868.760645,731.571055
1871.934991,729.231461
1875.365350,729.121099
1877.563415,729.841497
1881.920775,732.445172
1884.763175,734.576359
1887.425754,734.513854
1887.365212,734.887216
1887.235119,735.204002
1887.025998,735.317821
1886.951505,735.472760
1886.504175,735.638714
1885.639943,736.619317
1885.876699,736.823893
1892.129972,738.030947
1897.273766,737.697044
1902.499932,736.157311
1907.232994,734.249946
1910.345234,733.642665
1914.909827,733.405555
1919.232641,732.237370
1922.922276,732.434039
1926.275171,732.941862
1929.417696,734.364925
1932.454330,736.890841
1936.707119,737.841251
1940.615233,741.485590
1944.749942,744.929844
1947.620269,747.088902
1949.558316,748.802028
1951.489397,748.505422
1955.122156,749.469669
1958.714821,753.503217
1961.064569,754.708176
1961.747246,757.879238
1960.421145,763.605749
1959.488749,767.721422
1959.200566,769.371815
1957.550407,772.299205
1957.629787,773.051557
1957.497536,772.735577
1957.263782,771.984398
1957.188213,771.460261
1957.167004,770.609851
1957.449141,769.738055
1959.333486,769.739227
1963.959599,770.264410
1966.623096,770.373936
1972.203742,769.924019
1977.929854,770.375099
1983.001535,770.527064
1987.243724,773.248557
1991.910503,775.659379
1997.225457,775.867321
2003.533489,772.180711
2009.301228,769.822911
2015.227975,767.751496
2020.119739,768.858590
2024.765626,768.354192
2030.082355,768.735717
2035.565601,767.241719
2040.225039,766.780866
2044.835713,768.545586
2049.777837,769.652499
2055.638091,772.205828
2061.953760,770.577772
2067.297018,772.231772
2071.377525,771.513584
2074.075533,772.075256
2076.382459,773.849890
2077.612109,780.911590
2077.683794,784.252779
2080.249894,788.776425
2087.811824,796.978839
2093.197275,806.230842
2096.765151,809.321773
2102.149711,808.453665
2107.352382,806.965646
2111.859322,807.162495
2115.891321,805.661046
2121.496626,804.797263
2125.256087,804.764643
2128.925473,802.407215
2132.856707,800.593701
2137.944585,800.326557
2143.308295,800.698403
2148.587430,801.908493
2151.768696,801.718381
2156.538027,800.097884
2160.790008,799.054754
2164.461220,798.860595
2168.924847,797.478454
2173.428161,796.765276
2177.051480,798.576273
2182.084910,798.857973
2184.763479,799.798189
2188.430449,799.536915
2192.494978,796.244996
2197.783450,793.381903
2202.014985,792.855893
2207.330646,792.531115
2210.565467,794.244358
2214.053605,795.847040
2217.478296,797.993184
2221.283777,799.623820
2225.040502,800.402811
2229.170194,800.194279
2232.345594,799.190652
2235.268674,796.038382
2237.657451,792.110098
2240.388844,787.279997
2244.404926,782.424551
2247.144766,777.853173
2248.736639,775.693865
2252.758262,772.350316
2256.392856,768.276006
2257.770172,762.864960
2260.201236,758.210869
2262.474214,753.508850
2265.242562,750.391158
2268.049257,746.022090
2269.891307,742.037059
2270.794586,737.111988
2275.470137,735.063622
2279.697915,735.124788
2285.493380,736.565746
2289.322965,737.188396
2293.109274,738.789569
2296.574964,741.731963
2301.565690,743.796265
2305.417035,746.662332
2309.546361,750.271596
2314.199859,754.622594
2317.660104,758.586282
2321.850233,761.179859
2326.726736,763.780051
2332.216508,767.252820
2336.466177,772.078029
2341.158176,773.744932
2346.169491,776.246560
2351.977988,776.959084
2356.729593,777.781854
2361.774016,778.806685
2366.550262,780.704973
2372.347439,780.932364
2376.805884,780.859544
2381.504693,780.300784
2385.907953,780.468186
2390.133658,779.721886
2392.558511,779.411148
2393.383639,779.424725
2393.793328,779.664792
2396.873259,778.174617
2401.514378,778.030976
2404.961600,778.197787
2408.967664,777.943909
2415.569041,777.555376
2419.493162,776.064106
2422.982089,775.037886
2427.846892,772.343147
2431.911467,771.185469
2436.293955,767.358154
2439.877592,765.797627
2441.831614,763.852260
2445.629526,759.851493
2448.457554,756.730904
2451.087456,752.348491
2453.878282,748.541355
2457.110553,744.100190
2459.925523,739.969337
2463.862578,736.017399
2469.678843,734.769405
2474.691660,734.876119
2478.362985,736.552727
2482.204419,740.341111
2485.232260,743.288331
2487.986180,744.927716
2487.752987,748.668547
2486.190991,748.747718
2485.641422,748.650749
2485.634410,749.022123
2485.457019,749.033070
2484.941601,748.351443
2484.402512,746.686927
2482.792991,744.873350
2482.314619,744.890407
2482.392152,743.505570
2482.824628,742.815987
2482.571024,742.313588
2482.480761,741.687911
2482.702577,741.673753
2482.756466,741.998173
2482.977668,742.544977
2483.098326,742.821666
2483.271177,743.101606
2483.402334,743.416039
2483.285361,743.624946
2483.295651,743.616155
2483.288278,743.574406
2483.276649,743.685948
2483.345560,743.617512
2483.608359,743.444958
2483.605845,743.443732
2483.610182,743.459431
2483.621307,743.458433
2483.624813,743.454984
2483.630527,743.457324
2483.630754,743.461777
2483.626636,743.469123
2483.625494,743.467898
2483.625722,743.469790
2483.623205,743.475689
2483.615732,743.489602
2483.612836,743.488932
2483.617711,743.493165
2483.620070,743.500068
2483.623573,743.505858
2483.635687,743.508535
2483.640716,743.510541
2483.642922,743.518668
2483.646884,743.519895
2483.648330,743.522901
2483.647110,743.526018
2483.649775,743.529581
2483.649241,743.531807
2483.646797,743.544163
2483.643823,743.550730
2483.646641,743.553626
2483.648316,743.557077
2483.649837,743.563646
2483.655779,743.566877
2483.666370,743.569442
2483.668728,743.577792
2483.672538,743.578796
2483.677644,743.576237
2483.681226,743.574903
2483.687319,743.581362
2483.693334,743.592608
2483.699350,743.600070
2483.702930,743.604079
2483.707578,743.602633
2483.716950,743.604419
2483.724341,743.604422
2483.735770,743.605317
2483.742019,743.604429
2483.748037,743.608105
2483.758016,743.613453
2483.763351,743.610449
2483.766550,743.614124
2483.764033,743.620580
2483.763345,743.624921
2483.766849,743.627706
2483.769211,743.629933
2483.770503,743.637838
2483.771950,743.637838
2483.779876,743.634947
2483.786809,743.636063
2483.791839,743.634618
2483.791914,743.637735
2483.795951,743.640743
2483.803114,743.640523
2483.805477,743.638186
2483.813326,743.636408
2483.815382,743.640083
2483.822315,743.641199
2483.824143,743.643983
2483.832373,743.642762
2483.836411,743.642318
2483.835494,743.648775
2483.841821,743.642543
2483.843951,743.650559
2483.848065,743.653789
2483.855534,743.649451
2483.854161,743.652011
2483.851032,743.663587
2483.853471,743.661362
2483.855146,743.665704
2483.853922,743.677058
2483.851867,743.672048
2483.848814,743.682957
2483.846376,743.683401
2483.849198,743.677947
2483.849346,743.687521
2483.848200,743.694534
2483.848354,743.689858
2483.846144,743.690637
2483.848123,743.696872
2483.846979,743.699098
2483.848350,743.699321
2483.845149,743.702103
2483.847588,743.700657
2483.845376,743.707001
2483.852312,743.701549
2483.857726,743.690419
2483.862905,743.696767
2483.874257,743.699888
2483.881954,743.697554
2483.886142,743.704346
2483.898870,743.696559
2483.908017,743.688881
2483.918229,743.685100
2483.928671,743.677869
2483.935451,743.681434
2483.941467,743.690008
2483.947263,743.678210
2483.950687,743.689010
2483.953965,743.687342
2483.960138,743.683003
2483.960514,743.694915
2483.963108,743.688347
2483.966690,743.686568
2483.969889,743.689575
2483.972254,743.681338
2483.974767,743.685013
2483.975605,743.686571
2483.982693,743.682121
2483.981472,743.687019
2483.984905,743.677447
2483.988945,743.672773
2483.995496,743.678008
2483.996415,743.666319
2483.998245,743.664205
2484.001673,743.666433
2484.015013,743.652300
2484.023471,743.652526
2484.028421,743.658540
2484.029565,743.657427
2484.034819,743.663775
2484.038251,743.658099
2484.045720,743.653537
2484.044729,743.653871
2484.048926,743.640291
2484.053652,743.635172
2484.055404,743.636175
2484.061882,743.634508
2484.068813,743.640077
2484.076132,743.631953
2484.080476,743.628170
2484.085354,743.626391
2484.088631,743.624722
2484.091830,743.626950
2484.099908,743.624616
2484.107682,743.620166
2484.116218,743.615271
2484.128109,743.604478
2484.136190,743.596354
2484.140458,743.592237
2484.150065,743.578771
2484.401991,743.533010
2484.220194,743.511226
2484.261270,742.945718
2483.986979,742.901854
2484.218202,742.251819
2484.458472,742.018695
2484.421646,742.258137
2484.701275,741.924059
2484.667677,742.095595
2484.674926,742.071329
2484.681404,742.069551
2484.683847,742.057306
2484.681866,742.057639
2484.685372,742.055971
2484.695129,742.046735
2484.716544,742.036280
2484.738496,742.020147
2484.774842,742.020385
2484.784062,742.019720
2484.780863,742.017381
2484.780792,742.003020
2484.790248,741.984322
2484.789715,741.983876
2484.784839,741.983652
2484.790171,741.987550
2484.799696,741.987109
2484.803281,741.977425
2484.809302,741.973865
2484.807705,741.967408
2484.809755,741.983217
2484.815089,741.983664
2484.826062,741.982333
2484.835362,741.971872
2484.847023,741.966311
2484.858453,741.965425
2484.869885,741.959418
2484.878114,741.959088
2484.882385,741.950740
2484.883297,741.956307
2484.893965,741.954085
2484.904866,741.944293
2484.905096,741.939617
2484.907229,741.942067
2484.917745,741.939289
2484.923767,741.932500
2484.920110,741.932165
2484.924604,741.936397
2484.929023,741.936288
2484.931380,741.948423
2484.932599,741.950093
2484.939531,741.955662
2484.946925,741.946537
2484.960106,741.949103
2484.969705,741.953560
2484.974510,741.942429
2484.977025,741.943210
2484.979385,741.946884
2484.971228,741.958013
2484.970003,741.972151
2484.985017,741.962249
2484.986767,741.969041
2484.992093,741.987189
2485.005040,742.004561
2485.015857,742.011801
2485.023170,742.015589
2485.043593,742.011479
2485.060434,742.006254
2485.064013,742.013157
2485.064084,742.025848
2485.075511,742.030640
2485.095635,742.012836
2485.115069,742.002269
2485.133964,742.007843
2485.147979,742.019983
2485.160022,742.011750
2485.180978,742.006526
2485.192332,742.005195
2485.198880,742.016330
2485.212742,742.030029
2485.226307,742.025581
2485.238651,742.026588
2485.253971,742.016130
2485.269741,742.021480
2485.273777,742.028830
2485.289704,742.023381
2485.296182,742.021937
2485.291457,742.023159
2485.296104,742.024720
2485.302583,742.020158
2485.304946,742.017376
2485.299534,742.022940
2485.298009,742.025611
2485.303422,742.019045
2485.309822,742.019271
2485.318658,742.026510
2485.331457,742.031303
2485.342658,742.031085
2485.353707,742.030533
2485.358581,742.036546
2485.358882,742.046343
2485.354156,742.050237
2485.352099,742.048232
2485.350496,742.056247
2485.350947,742.071833
2485.359553,742.080742
2485.373495,742.086537
2485.383552,742.088433
2485.391477,742.088103
2485.394975,742.104357
2485.395883,742.119164
2485.392447,742.136640
2485.399610,742.136532
2485.395801,742.134527
2485.393509,742.147773
2485.388549,742.164804
2485.381306,742.176935
2485.381227,742.181944
2485.378938,742.190404
2485.367127,742.192403
2485.364916,742.195074
2485.368039,742.198304
2485.372149,742.207323
2485.363456,742.223461
2485.363297,742.241161
2485.368018,742.248622
2485.378533,742.248626
2485.392706,742.246628
2485.404291,742.239397
2485.411601,742.252314
2485.415025,742.264004
2485.417001,742.275137
2485.425533,742.281598
2485.422709,742.291838
2485.427735,742.300412
2485.428038,742.303864
2485.416303,742.306642
2485.419047,742.303081
2485.422174,742.296736
2485.419581,742.300743
2485.421252,742.313546
2485.426580,742.328577
2485.433205,742.339712
2485.436251,742.344278
2485.443566,742.343167
2485.450195,742.342836
2485.445773,742.350293
2485.445466,742.355970
2485.441044,742.360867
2485.444550,742.358530
2485.434417,742.356634
2485.425194,742.364423
2485.420009,742.371768
2485.416505,742.370430
2485.417114,742.369763
2485.417727,742.362304
2485.410714,742.369092
2485.400046,742.369867
2485.392114,742.388343
2485.386627,742.390790
2485.384035,742.393795
2485.374967,742.396018
2485.367496,742.404920
2485.360253,742.414714
2485.353618,742.428293
2485.351633,742.436641
2485.340739,742.432184
2485.333807,742.427060
2485.313997,742.424046
2485.304241,742.431835
2485.300429,742.435952
2485.296691,742.446860
2485.281525,742.452754
2485.269407,742.460876
2485.259879,742.467662
2485.258048,742.473005
2485.250660,742.465210
2485.252340,742.457418
2485.247458,742.471331
2485.244095,742.494930
2485.238222,742.509511
2485.238371,742.516413
2485.237228,742.516524
2485.240729,742.527992
2485.230357,742.548583
2485.217549,742.566723
2485.208703,742.582861
2485.200090,742.590762
2485.198033,742.589536
2485.190186,742.586861
2485.182872,742.584743
2485.171820,742.591975
2485.153077,742.589295
2485.137382,742.584947
2485.126181,742.584274
2485.120845,742.590729
2485.111090,742.595178
2485.090217,742.581365
2485.094408,742.582591
2485.092578,742.584706
2485.092882,742.587378
2485.089526,742.595280
2485.094397,742.607305
2485.094087,742.620330
2485.085321,742.629678
2485.080669,742.638359
2485.082422,742.637803
2485.073351,742.646928
2485.061841,742.656274
2485.058559,742.669966
2485.048575,742.673858
2485.053294,742.687330
2485.047502,742.689888
2485.046200,742.704471
2485.037741,742.708364
2485.024857,742.725057
2485.010903,742.747316
2485.000233,742.755216
2485.697403,742.834100
2485.798081,742.783044
2485.773693,742.794723
2485.741676,742.828107
2485.724907,742.843351
2485.721853,742.856486
2485.706073,742.873401
2485.683598,742.867936
2485.664769,742.886631
2485.633150,742.880940
2485.606170,742.895513
2485.581405,742.898063
2485.571797,742.914201
2485.560592,742.923213
2485.557073,742.956832
2485.569566,742.965186
2485.584500,742.967419
2485.575196,742.986897
2485.662138,742.984929
2486.126924,742.840178
2486.676328,742.601839
2487.774650,742.191844
2489.469111,742.033800
2488.958680,744.018604
2491.259905,745.674613
2495.994588,745.976936
2500.600360,749.344624
2502.601258,752.895022
2507.025226,755.873339
2512.111225,755.675532
2516.008843,754.605565
2519.985083,757.371074
2522.737569,760.207096
2524.161696,759.827636
2527.246242,756.709642
2530.268130,756.543932
2530.466606,757.483701
2533.557316,758.540024
2535.982641,759.670320
2538.689976,762.225682
2542.011609,763.161989
2544.137685,765.956676
2547.425258,768.676825
2548.030467,772.129013
2550.820307,777.379567
2552.323338,781.548396
2553.928260,783.886882
2557.054284,784.105965
2558.487996,780.902342
2559.711956,776.413507
2561.241123,772.548105
2562.233162,770.332071
2564.504260,767.537812
2567.284646,764.951391
2569.486896,762.443986
2571.707020,759.482833
2573.043212,755.571819
2575.172090,753.949632
2574.747240,751.766945
2577.451990,748.259959
2579.981076,746.419639
2581.905748,744.274144
2584.161023,745.347723
2585.649222,745.715066
2585.571133,745.861534
2585.644104,745.567337
2588.030346,746.674593
2590.996847,747.913129
2596.572279,748.396463
2601.889642,749.731318
2606.004640,751.004760
2611.393249,749.877837
2615.854411,749.751428
2619.388754,749.527542
2622.388344,750.007658
2628.638313,752.644099
2632.973522,754.591165
2637.439438,757.155472
2641.180468,758.733801
2645.072394,759.557089
2650.526733,760.902734
2655.069674,761.228699
2659.033499,760.911515
2662.662763,763.123685
2667.780821,762.798559
2671.643466,763.995566
2675.769269,765.590453
2680.454644,767.217320
2684.505831,767.655524
2685.863958,769.194740
2690.024736,770.261643
2694.799736,773.356590
2698.439353,774.191711
2702.444681,773.071595
2706.615904,775.123842
2711.652702,780.241341
2714.662291,782.481316
2719.654928,783.302925
2724.076218,781.663909
2728.499735,786.180774
2733.273682,784.834708
2736.122692,789.125318
2740.744590,788.857471
2747.013903,791.644887
2752.619384,792.449661
2755.473509,794.693259
2758.454942,797.465372
2762.295143,797.676876
2764.822782,798.717919
2767.999664,801.629393
2772.592538,801.986418
2777.277288,800.572103
2781.419475,801.555568
2785.986540,802.520309
2788.308789,801.510346
2791.919861,806.142211
2796.855045,810.814662
2802.097390,812.512464
2806.512733,814.297829
2808.772624,818.709763
2812.550672,821.435186
2817.175172,824.822051
2822.850720,824.963767
2824.785830,830.219501
2827.816406,832.086608
2831.120941,834.037116
2835.569742,836.397729
2840.743267,838.376402
2845.778522,835.484260
2850.006126,835.590136
2853.855494,835.534971
2858.229815,834.439293
2862.676972,834.159211
2865.432816,831.474061
2869.433965,830.950416
2870.889623,830.452717
2875.222159,831.971138
2880.175610,833.497765
2883.561366,833.204831
2889.127858,834.474379
2891.678758,836.183987
2897.542123,838.202340
2903.028424,838.424193
2908.386746,839.993454
2913.641296,841.859236
2918.335094,848.462471
2921.934990,851.372786
2926.287089,849.442551
2933.851525,847.364272
2937.455737,845.189657
2939.911756,845.966456
2942.963359,848.523951
2945.317332,853.054432
2949.150340,857.728915
2953.759190,857.103431
2959.441438,856.416474
2962.862053,857.876063
2967.203834,860.486753
2971.814599,864.445936
2976.577115,867.685043
2979.664049,867.940619
2986.877832,870.438647
2989.876401,876.291772
2992.476850,882.287416
2995.891084,884.270911
2998.024156,891.150013
3005.362512,882.505941
3010.498463,879.160566
3014.530056,882.146742
3020.167745,884.570766
3023.962659,886.971265
3028.929261,889.146817
3032.691378,890.395214
3035.055390,892.540621
3041.586948,894.281144
3048.476863,898.237870
3053.583830,896.317018
3058.030241,894.441586
3061.644026,895.185852
3066.052533,892.790413
3070.419313,890.644990
3074.888589,886.105157
3080.025125,886.135294
3085.088089,888.765700
3088.693904,889.894824
3093.518503,891.529434
3096.808092,892.535276
3102.240022,891.701265
3106.633942,889.406263
3109.704843,886.756122
3113.046615,887.196363
3116.051829,883.835499
3118.919448,880.746084
3122.689638,881.537781
3126.944377,878.197501
3131.446342,880.166056
3136.411535,881.332545
3139.683408,878.048981
3143.035603,873.733599
3147.260409,868.952787
3151.892605,868.146009
3155.010990,867.408238
3160.213467,868.420577
3164.514062,867.325751
3171.546203,865.493072
3176.178081,865.583696
3179.509874,862.874950
3183.473589,861.830833
3186.667296,858.596013
3189.908333,853.628796
3195.114973,850.417763
3201.728874,843.512089
3206.502236,841.094796
3211.541522,836.695415
3215.381059,834.519424
3218.581176,830.759286
3223.363219,828.950284
3229.659994,828.501256
3232.897670,824.631826
3236.977376,818.964082
3240.848997,813.576764
3241.975784,808.375542
3245.308301,806.833062
3253.605505,802.696649
3257.125544,799.900882
3260.083787,798.370119
3264.746492,798.334920
3266.941658,794.659868
3269.499944,790.629892
3272.657960,787.606279
3275.235543,782.438475
3279.466185,777.469288
3280.304529,774.636443
3281.751799,769.787967
3286.918551,768.256312
3290.355592,763.897531
3291.525706,757.317151
3293.322499,751.232841
3296.632984,749.517492
3298.382468,745.226474
3300.621768,738.140272
3301.859748,733.984232
3303.069511,731.396841
3305.892745,727.993892
3307.329712,723.784973
3308.846911,718.208818
3313.945868,712.051641
3315.190617,710.697741
3320.524263,707.861380
3322.006909,700.455267
3326.391435,697.094718
3329.433073,693.981454
3330.674181,692.474819
3331.438923,690.517725
3333.912294,688.480315
3334.131477,685.127918
3331.856294,678.264425
3335.772700,674.462334
3336.392884,667.881100
3335.964882,663.226744
3338.219774,658.510762
3339.717969,654.162507
3343.020395,644.754920
3347.582186,638.031724
3348.023417,633.866231
3348.909808,629.552814
3351.444556,624.237515
3354.236309,622.896289
3359.337774,625.672671
3364.742194,621.813991
3367.044146,623.319270
3370.485108,622.263406
3371.812910,620.161579
3374.353110,618.060102
3378.220997,616.905850
3382.262871,613.819116
3387.165226,613.356998
3388.889448,613.497684
3391.145920,610.944301
3392.945607,607.942915
3397.878485,605.399623
3401.222241,604.329472
3403.811421,602.687802
3406.394081,600.856100
3410.046439,599.263241
3411.990313,597.590928
3415.418927,598.585557
3417.593516,599.610421
3420.660682,597.331034
3423.621308,594.147193
3427.944230,593.346129
3430.708032,592.968097
3433.315916,594.609727
3439.028937,595.270706
3442.438737,594.125695
3446.231226,592.689794
3451.462794,593.397487
3456.425633,593.137402
3462.645489,587.936046
3467.588190,587.457875
3472.323076,588.854616
3477.489178,588.008324
3482.724329,587.405319
3487.023258,588.965464
3491.748954,589.518602
3497.277263,589.010183
3502.806607,588.429521
3506.753032,584.656503
3509.303433,579.036141
3512.381027,576.204529
3519.421219,576.086094
3524.302324,578.397266
3529.181928,582.085739
3529.752189,589.735140
3530.992687,594.425390
3532.075004,597.808382
3531.515044,603.965153
3536.696701,606.835469
3539.120110,613.442749
3540.463227,616.730715
3542.493436,620.516148
3543.907148,624.639197
3548.701055,627.812317
3552.855993,630.282052
3557.164722,632.195150
3564.009329,633.476438
3570.049288,633.204843
3575.564605,633.471414
3577.125057,634.775058
3580.377590,638.595745
3583.866845,640.926728
3587.560103,643.601937
3591.599289,645.529371
3597.129436,645.695445
3603.531958,644.376098
3609.720466,645.415026
3614.660013,647.326542
3618.179308,649.850821
3621.582476,651.236077
3625.124250,653.371186
3628.842759,653.816729
3633.049465,654.898565
3637.618390,654.139771
3641.936261,656.108932
3647.033726,652.675465
3653.541207,652.303268
3657.012720,651.434389
3662.267483,655.707984
3664.848100,658.302185
3666.875959,658.929735
3670.631217,661.690641
3673.968921,664.303678
3677.204673,665.793730
3682.207612,667.650904
3686.005447,668.438964
3691.431806,670.926387
3692.520335,675.433561
3696.231621,678.908488
3699.838243,682.696284
3703.972928,688.058528
3708.334409,691.388253
3711.590832,695.510701
3713.758127,695.505254
3717.314202,698.443405
3721.305625,701.450071
3725.025721,703.449645
3728.775125,706.591758
3736.985989,704.813466
3741.667288,706.116652
3743.820019,706.608379
3744.960445,706.157340
3746.748743,704.912856
3748.143067,703.597546
3750.132777,704.997131
3751.390800,708.524214
3752.986792,714.547391
3758.060553,724.988078
3762.672413,735.269954
3764.888128,743.184917
3766.986899,748.518651
3769.459198,755.280684
3770.909758,757.097068
3773.901097,764.471822
3776.164761,769.171228
3777.483957,773.517032
3780.080027,776.217718
3782.681259,778.101068
3785.806130,783.813067
3790.886348,786.640123
3796.887815,788.084567
3801.099583,791.557427
3805.194829,791.333261
3809.376177,793.984537
3811.931544,796.432283
3817.078659,800.542522
3821.901220,805.053214
3824.321753,809.817863
3825.692433,815.684283
3825.987477,821.985515
3826.900791,827.546059
3831.860827,826.982370
3835.439363,824.977491
3839.342597,821.627027
3842.979344,816.546756
3843.752674,810.825650
3842.428891,805.878346
3845.339266,802.941931
3849.449345,795.636603
3853.965758,794.062938
3855.569759,791.002898
3859.638100,788.193254
3861.900039,785.287489
3864.785339,783.689069
3869.046247,779.334492
3873.858139,778.984149
3876.373537,778.051212
3880.064216,778.493666
3884.928257,776.218687
3890.104036,778.967182
3893.770366,782.989359
3896.606195,786.353297
3900.186461,790.652730
3903.397100,794.474233
3905.267054,794.682180
3910.750763,794.560408
3913.940954,789.899913
3916.128785,789.665671
3921.343704,788.805655
3923.606557,787.575004
3927.461546,788.771146
3930.148522,791.120395
3933.456921,792.128713
3938.576393,794.470213
3943.548605,796.880530
3948.934105,798.363574
3952.867525,802.042751
3956.746735,805.305099
3962.499938,808.529281
3965.103538,811.215468
3971.359130,812.314484
3973.022509,817.114204
3971.838925,827.611039
3969.403951,839.991425
3971.264618,842.574037
3973.696013,847.532680
3976.877311,849.181829
3980.374710,851.338047
3985.169693,852.390130
3987.417841,855.489436
3989.464377,859.268464
3990.630451,862.962077
3991.283680,864.442564
3993.346686,864.997219
3995.586224,865.455586
3998.907641,866.860150
4006.139294,863.425297
4008.232271,865.418616
4011.880254,869.787182
4013.907203,872.519872
4014.814733,879.276171
4018.601706,881.679410
4023.660511,879.006358
4027.275528,880.587583
4030.361161,881.114106
4032.602445,881.004291
4035.983300,881.356682
4042.986843,877.899233
4045.379768,879.466063
4048.935987,883.029829
4055.478988,879.493711
4057.096219,882.777859
4059.555504,884.344406
4062.041633,883.291743
4066.076612,882.199054
4067.916849,880.676725
4073.119049,879.389015
4077.099713,880.858416
4078.964846,883.844502
4081.773273,882.809211
4085.651708,880.439766
4090.124608,880.879654
4092.948881,883.085351
4096.094752,885.878726
4100.849156,892.262620
4105.067782,892.815339
4109.864815,893.464642
4115.536953,892.665001
4119.566401,892.086661
4123.484495,888.790051
4127.481942,888.214811
4131.171342,887.404356
4132.933812,886.525112
4135.319139,885.483319
4139.459398,880.031865
4141.416886,883.955827
4146.057861,887.484221
4149.385002,889.246445
4152.538670,891.300775
4155.592118,892.397541
4159.420995,893.835053
4160.694469,893.032402
4163.861668,893.590777
4167.012993,890.241674
4168.962455,892.420415
4171.374093,892.334260
4173.650077,892.833464
4176.790226,892.407390
4177.724838,895.463215
4180.729458,898.714188
4185.341810,905.427235
4187.579870,913.731558
4190.745950,918.263320
4195.113880,924.488382
4197.914748,927.714507
4201.228582,929.818292
4206.074299,934.864110
4206.730583,940.693824
4208.200700,941.967957
4211.360921,948.504112
4213.467299,951.562993
4219.364843,953.700222
4220.215036,955.084132
4222.190564,957.951224
4225.664784,959.807552
4227.341476,962.886507
4230.021152,965.262492
4234.192461,967.773234
4236.217973,968.255029
4238.287865,970.623239
4239.671733,972.734808
4242.214282,973.883134
4244.894270,975.050371
4245.577388,980.370134
4248.422163,986.932135
4250.373320,991.144902
4253.949508,994.863433
4257.446910,999.756378
4260.380582,1004.281888
4260.752386,1009.023882
4263.126060,1013.502351
4264.525325,1015.258702
4262.760460,1020.598099
4262.986112,1028.029909
4261.504884,1031.279512
4263.964131,1034.663617
4265.712946,1037.945689
4268.659159,1043.655142
4270.469228,1046.936702
4270.895534,1053.125168
4275.786503,1054.543919
4276.741515,1056.027324
4277.305678,1055.665812
4277.953645,1055.744536
4278.336013,1055.700391
4279.232996,1056.287486
4285.345748,1061.176082
4290.582268,1064.898049
4294.876549,1069.405515
4298.476709,1075.396099
4300.912404,1081.814669
4306.541617,1087.305424
4310.592056,1091.914810
4314.168727,1097.365577
4319.669656,1101.623674
4324.204219,1105.682810
4327.454036,1111.721251
4333.404728,1114.685433
4338.081900,1115.069659
4339.933997,1113.369860
4338.807505,1112.510848
4338.237476,1112.242144
4338.619950,1111.627691
4339.750310,1111.670368
4341.860415,1113.201042
4345.835570,1114.609056
4348.518195,1116.751428
4351.978332,1119.143954
4355.378041,1117.667043
4359.101075,1115.612708
4363.849688,1115.403983
4368.523123,1115.997964
4371.778560,1116.462111
4375.445867,1117.586712
4379.199182,1118.622652
4383.462000,1118.401231
4388.409855,1119.646561
4393.922338,1119.585701
4400.162693,1116.508281
4404.311705,1115.218861
4406.737326,1114.341186
4410.942625,1113.393019
4411.666844,1114.413169
4412.265594,1114.578258
4412.109241,1114.691025
4411.880176,1114.835689
4411.809029,1114.916457
4411.912377,1114.770477
4416.834379,1113.772301
4422.939881,1112.358763
4427.515177,1113.674096
4431.713393,1113.962636
4432.178665,1115.759748
4434.246075,1117.808525
4433.260742,1123.178061
4432.996365,1123.987412
4432.377787,1123.848801
4432.342686,1123.919800
4435.087610,1123.787130
4436.089110,1124.776762
4437.656781,1124.549821
4438.766240,1124.826059
4439.825448,1125.156697
4440.777694,1125.163526
4441.067490,1125.114313
4440.780109,1124.886999
4440.493223,1124.710894
4440.469521,1124.719337
4440.460391,1124.702298
4440.448670,1124.685034
4440.419343,1124.675550
4440.393889,1124.682656
4440.384373,1124.774602
4440.399715,1124.841297
4440.393021,1124.929571
4440.387060,1124.953947
4440.373084,1124.996908
4440.370433,1125.079174
4440.364404,1125.091972
4440.385644,1125.116479
4440.397133,1125.137750
4440.382557,1125.168910
4440.335236,1125.177002
4440.325849,1125.197367
4440.328497,1125.222639
4440.316288,1125.247790
4440.280625,1125.254665
4440.238639,1125.259755
4440.236878,1125.270997
4440.217916,1125.257179
4440.191628,1125.260388
4440.154971,1125.271827
4440.148558,1125.288521
4440.117391,1125.295177
4440.111508,1125.317215
4440.085813,1125.341353
4440.031554,1125.354783
4440.015314,1125.369132
4440.016380,1125.371025
4439.970136,1125.364534
4439.967891,1125.412179
4439.947653,1125.475174
4439.928783,1125.544292
4439.870519,1125.614939
4439.844275,1125.661231
4439.803326,1125.706509
4439.799805,1125.728994
4439.818966,1125.781887
4439.838970,1125.828212
4439.810929,1125.830752
4439.805543,1125.799355
4439.798224,1125.805695
4439.810785,1125.819620
4439.804963,1125.862364
4439.804146,1125.936616
4439.815092,1125.971691
4439.803114,1125.992389
4439.764759,1126.032771
4439.760406,1126.046460
4439.755883,1126.084418
4439.789526,1126.130531
4439.795665,1126.174509
4439.791394,1126.179293
4439.794126,1126.193990
4439.778333,1126.223145
4439.769652,1126.216347
4439.745038,1126.222118
4439.643091,1126.223712
4439.690100,1126.225862
4439.665411,1126.229629
4439.660516,1126.255119
4439.643885,1126.283160
4439.618878,1126.305072
4439.600345,1126.329661
4439.589969,1126.348912
4439.557873,1126.374382
4439.541257,1126.382162
4439.531426,1126.385272
4439.480766,1126.374770
4439.458026,1126.421398
4439.430936,1126.478042
4439.450276,1126.494977
4439.441803,1126.515677
4439.394014,1126.539131
4439.367710,1126.562267
4439.328832,1126.589512
4439.327798,1126.648179
4439.264893,1126.711142
4439.244371,1126.746194
4439.246784,1126.779259
4439.226564,1126.819209
4439.222814,1126.841360
4439.201473,1126.850918
4439.184852,1126.865712
4439.159294,1126.911892
4439.143652,1126.942272
4439.155818,1126.975678
4439.179279,1126.983265
4439.167110,1127.057287
4439.188787,1127.108623
4439.217191,1127.128905
4439.216929,1127.174103
4439.182495,1127.167620
4439.187733,1127.193229
4439.265501,1127.225904
4439.282720,1127.227475
4439.287056,1127.236273
4439.256252,1127.266197
4439.254331,1127.287792
4439.240445,1127.313386
4439.251037,1127.312058
4439.290090,1127.357285
4439.299276,1127.402378
4439.290645,1127.431093
4439.261405,1127.407693
4439.250645,1127.430618
4439.244153,1127.451542
4439.188569,1127.504714
4439.194887,1127.513401
4439.202952,1127.528325
4439.205305,1127.540795
4439.221840,1127.538358
4439.205804,1127.586104
4439.177517,1127.613023
4439.152478,1127.677573
4439.126931,1127.707945
4439.125404,1127.712731
4439.119449,1127.728535
4439.103126,1127.752568
4439.105904,1127.808010
4439.099627,1127.847191
4439.080718,1127.865434
4439.075594,1127.891926
4439.052723,1127.909943
4439.028171,1127.934416
4439.007995,1127.913584
4439.013410,1127.906574
4438.990035,1127.885517
4438.903458,1127.915621
4438.876352,1127.890219
4438.867394,1127.846017
4438.866989,1127.775771
4438.834194,1127.717302
4438.794801,1127.616859
4438.707010,1127.435113
4438.297605,1126.850137
4430.297389,1124.216857
4425.605871,1123.056399
4419.764019,1124.140276
4415.431064,1124.729323
4411.756912,1124.845398
4410.755915,1122.132810
4407.583802,1118.924346
4404.244735,1117.804309
4401.665119,1116.108063
4396.702928,1114.982495
4393.869414,1113.937645
4392.056870,1112.487768
4390.689730,1109.916854
4387.570281,1109.471832
4381.460380,1108.991227
4379.227952,1106.788275
4375.202507,1107.578738
4372.713408,1106.176799
4371.765771,1105.593661
4371.585542,1102.612832
4368.995012,1100.502801
4365.873155,1097.604210
4362.337914,1094.125879
4360.403456,1091.304970
4357.756471,1091.062472
4354.331064,1087.621965
4352.856074,1084.862397
4352.582039,1081.361841
4350.853008,1079.667348
4348.082452,1079.502135
4345.505392,1076.234466
4341.391368,1073.908264
4342.339632,1069.646582
4341.361509,1064.754524
4339.845271,1060.650360
4339.206010,1057.919010
4339.335523,1057.835054
4338.370642,1055.166366
4337.112446,1051.300289
4335.315339,1049.004491
4333.812763,1046.331073
4332.014832,1043.064865
4332.402798,1040.551564
4331.322099,1036.827999
4330.079978,1034.638362
4328.664072,1031.376550
4329.001018,1028.821020
4326.526997,1025.578259
4324.807944,1021.536294
4323.750460,1017.939100
4322.725493,1014.260330
4323.753486,1010.055589
4324.058128,1008.973852
4324.671026,1005.497427
4324.746997,1004.435118
4322.611551,1002.905878
4321.895635,997.837118
4320.929111,994.676492
4320.863205,995.623811
4319.684538,994.601118
4318.558605,993.038543
4316.180877,988.943449
4313.052101,985.801750
4310.548601,984.098696
4308.793188,982.056977
4307.939709,980.297334
4308.541739,978.575475
4307.710960,976.611235
4307.407411,974.269318
4306.133247,971.470610
4305.735699,967.503965
4304.686640,964.770988
4303.722358,962.710692
4302.574339,961.755932
4303.165667,960.294563
4300.503621,956.324399
4298.015771,954.239075
4297.220290,950.431672
4298.208197,945.591684
4299.844294,944.144757
4298.894682,943.082713
4298.472649,939.143882
4298.724564,936.149895
4298.560585,936.904331
4299.057774,936.878638
4298.984280,934.071442
4299.057551,930.183953
4297.756443,927.646059
4297.621288,923.910154
4296.768473,921.103178
4296.451562,917.409224
4295.255140,914.236302
4294.582667,911.654442
4296.069219,908.908591
4295.946116,906.001501
4295.311411,901.328114
4296.352071,897.098552
4295.910038,894.053304
4295.943087,893.336513
4297.446609,890.841933
4296.163878,888.695355
4297.211023,885.943846
4294.981437,882.912678
4295.502385,882.381925
4294.885857,878.387961
4294.958565,872.840298
4295.578006,870.223517
4295.298158,866.587367
4295.580577,860.691188
4295.817448,858.066117
4294.517787,857.629463
4294.024868,853.817380
4292.216646,850.021497
4291.996932,846.676724
4293.452903,842.926486
4294.678118,840.821673
4293.809358,837.598446
4294.534237,834.054079
4295.658562,830.049785
4297.811713,827.920480
4298.777746,824.496293
4300.608608,818.522297
4301.397221,815.151753
4301.545492,810.176572
4300.695958,809.252308
4302.168429,806.737111
4302.762571,804.985411
4303.200207,802.596603
4304.310548,798.663437
4304.552046,794.273107
4306.105017,790.548547
4305.838340,788.308296
4307.159976,785.437980
4306.907240,782.778716
4307.522981,779.181838
4307.068445,775.930185
4307.625144,772.320129
4305.741816,770.375616
4306.687829,768.215499
4306.327452,764.883872
4306.269006,762.026035
4304.408719,760.777758
4304.389880,757.093258
4304.102646,751.328922
4305.846874,746.981085
4304.770663,743.064493
4302.854904,738.519766
4302.592587,736.463648
4301.648882,735.724336
4301.923272,732.961473
4301.017411,729.924241
4299.187314,727.152186
4298.899480,723.276349
4297.661613,719.405286
4297.146109,716.684382
4296.340139,714.282214
4297.214636,713.887641
4296.914117,709.528093
4295.205997,705.703003
4294.668614,702.249462
4292.109468,697.959319
4292.542312,694.499683
4291.853691,690.916563
4291.068268,687.374565
4290.722192,684.056976
4291.405321,680.846439
4291.056486,677.125076
4289.235388,672.079129
4286.582844,668.055877
4284.942188,663.632361
4283.112366,660.223984
4280.971331,657.479098
4278.886140,653.146107
4275.881921,649.128397
4274.454964,645.378991
4273.016824,641.923361
4273.406956,638.404357
4271.687916,636.379597
4271.005768,633.842595
4270.051102,631.563671
4268.422794,628.921016
4266.621927,625.806449
4264.173057,622.809758
4263.951089,621.312962
4265.040351,619.704328
4264.434818,618.930084
4263.084515,618.269529
4262.584858,618.299453
4261.910349,617.977024
4261.693063,617.609167
4261.520376,616.460404
4260.418007,613.999695
4259.466753,610.877497
4259.075511,608.572368
4256.473038,605.326651
4254.420971,601.296159
4254.946432,598.945594
4254.042684,598.127834
4253.751706,595.731492
4252.094580,592.012431
4250.802427,588.750058
4250.211485,588.346646
4251.037585,586.484783
4250.861731,584.103663
4250.939915,581.629879
4250.679365,577.263236
4249.152785,574.370515
4247.225931,570.938146
4245.823901,566.478741
4243.456133,562.428880
4244.011145,558.807907
4243.263021,555.900821
4241.357022,553.456134
4241.804095,551.290088
4241.006674,548.804774
4240.952695,545.834057
4240.827998,543.192921
4241.034431,542.642459
4238.984777,539.248969
4238.235410,534.860718
4237.289352,531.252375
4238.442356,529.710130
4239.528034,528.766427
4240.043550,525.826060
4242.179441,523.661988
4243.230544,521.724027
4243.947522,518.910044
4244.199928,515.317467
4243.772202,511.360267
4242.595446,508.776497
4243.244886,509.655859
4243.203374,509.308833
4243.274807,509.153587
4243.161321,509.080478
4243.252943,507.963185
4242.870172,504.331973
4240.077541,500.633597
4239.772387,496.718453
4240.643194,495.224880
4238.774808,491.072401
4238.282086,487.317876
4236.564893,481.634578
4235.374889,477.621957
4236.251647,474.504618
4235.944014,469.566072
4236.538401,465.117544
4237.698287,460.544065
4237.644974,457.488966
4238.119911,454.614140
4237.807595,450.908725
4237.605758,446.143029
4238.656294,443.085816
4237.776878,438.750687
4236.625860,434.015156
4235.721408,429.843432
4236.193524,427.187244
4236.929019,424.275865
4235.999443,420.394679
4234.834107,416.395211
4233.827401,411.668578
4233.189639,408.372271
4231.763945,404.442977
4231.971362,399.055715
4230.974958,394.947716
4229.838567,390.412134
4228.652415,386.092931
4228.561484,381.052566
4227.161360,376.292481
4223.810828,372.426510
4222.471741,369.714050
4218.746247,366.123010
4215.635952,362.820846
4212.072785,360.169164
4209.193321,357.703987
4205.744435,354.858797
4202.339158,352.412402
4198.440974,350.225939
4197.868796,349.974280
4194.829147,348.918692
4191.916708,348.148295
4188.256215,345.928162
4183.424250,345.362600
4178.315300,344.453970
4176.555619,343.062752
4177.113328,342.865542
4176.629340,342.468557
4176.548592,342.321330
4176.184572,342.105665
4176.001616,341.879438
4175.912775,341.536054
4175.989236,341.164730
4175.794743,341.091232
4175.833340,341.146142
4175.288338,340.714382
4175.469824,340.972223
4174.881844,341.086477
4174.868496,341.104502
4174.860637,341.119859
4174.167693,344.124454
4175.182944,344.220900
4175.763858,343.856942
4175.932315,344.660150
4175.931309,345.009817
4175.871766,344.832882
4175.475608,342.622381
4175.380770,340.168959
4175.003182,339.193833
4175.387086,338.870704
4175.404324,338.846225
4175.383801,338.881834
4175.389220,338.869704
4175.390593,338.868258
4175.381839,338.855004
4175.374066,338.855444
4175.365309,338.846532
4175.362723,338.838849
4175.367990,338.825605
4176.193521,338.014963
4179.006805,334.231913
4179.362185,328.375188
4182.124733,323.925051
4184.521914,320.864205
4188.834449,315.295903
4193.084229,309.795914
4197.190953,309.452351
4198.892873,309.545942
4200.813310,307.728924
4203.349874,305.548422
4206.008986,301.505780
4206.947437,297.578932
4206.908020,293.376650
4205.714183,289.314827
4204.691168,285.721130
4206.355295,281.369979
4208.663926,279.871956
4212.808362,280.654360
4215.776512,278.860237
4219.325468,276.439438
4223.843006,275.367790
4227.848433,273.580861
4229.170670,273.959962
4233.436427,270.208132
4236.652089,267.024316
4240.150907,263.650894
4245.078778,259.403037
4250.599593,258.593063
4255.608499,256.249355
4260.597551,255.468625
4265.196567,254.193232
4270.823522,256.295920
4275.008851,255.420449
4277.887833,254.857759
4281.417121,253.141551
4280.622325,249.828651
4279.781642,246.426215
4281.445850,242.160470
4281.432711,236.342006
4283.147711,232.025757
4284.176802,228.990245
4285.247723,225.750929
4286.118184,221.511447
4286.669701,215.718658
4287.936373,210.698745
4289.814167,209.560022
4292.310456,208.493435
4292.415184,210.587735
4292.458267,210.548357
4292.495466,210.851853
4292.528220,210.870467
4292.559368,210.896985
4292.584981,210.885203
4292.604084,210.919950
4292.626419,210.909056
4292.645829,210.833258
4292.617302,210.870197
4292.624629,210.855396
4292.623037,210.843595
4292.624313,210.870648
4292.638865,210.874777
4292.639334,210.858413
4292.672419,210.840402
4292.677687,210.827158
4292.702097,210.792109
4292.698051,210.802682
4292.689843,210.772062
4292.669721,210.778170
4292.697858,210.752029
4292.688398,210.767942
4292.692820,210.765273
4292.713785,210.752374
4292.729492,210.739361
4292.737194,210.731796
4292.750233,210.721118
4292.792684,210.712911
4292.811980,210.690437
4292.825721,210.656605
4292.850578,210.636584
4292.865226,210.612883
4292.890013,210.583956
4292.916793,210.538778
4292.931968,210.523426
4292.946304,210.510189
4292.974667,210.489169
4292.998989,210.470595
4293.012264,210.450010
4293.039866,210.426429
4293.059523,210.431119
4293.079262,210.428127
4293.100441,210.436046
4293.128433,210.402001
4293.126995,210.387306
4293.152689,210.368844
4293.173122,210.354275
4293.195549,210.323121
4293.221929,210.304215
4293.248227,210.293546
4293.257087,210.264608
4293.272562,210.256604
4293.304119,210.245161
4293.300075,210.252728
4293.291389,210.250940
4293.284133,210.274202
4293.265492,210.233666
4293.277595,210.252378
4293.293751,210.250608
4293.270357,210.250591
4293.304107,210.262304
4293.324247,210.231371
4293.322723,210.231258
4293.362052,210.220154
4293.355456,210.173393
4293.404591,210.195248
4293.414282,210.177889
4293.445678,210.177020
4293.499402,210.177282
4293.547738,210.144921
4293.547073,210.010441
4293.588191,209.948241
4293.539378,209.901338
4293.436557,209.825564
4293.394750,209.678476
4293.343831,209.593722
4293.368294,209.591067
4293.984195,209.243399
4294.044421,208.358417
4292.806687,204.892017
4291.686243,203.213229
4290.398510,197.204267
4289.778764,192.385502
4288.214128,187.827226
4289.309853,184.018062
4289.036030,180.216043
4287.339385,177.920665
4286.737197,173.479524
4285.925842,169.761504
4284.771442,164.620409
4284.300578,160.992583
4284.878788,157.520247
4285.845680,152.928605
4284.596534,150.158530
4283.088733,147.836014
4282.866989,143.983603
4282.093735,139.300656
4281.875513,134.037106
4281.632887,129.971829
4282.230252,124.011195
4282.590001,120.407452
4282.302929,115.514895
4284.141989,110.291669
4284.890053,105.130782
4282.876243,99.710985
4282.731817,93.233278
4282.252839,90.499711
4279.633015,86.282003
4277.300121,83.957229
4276.842228,78.904690
4281.242316,75.735993
4280.830341,76.706220
4284.622970,80.179900
4289.272295,82.272666
4291.199203,84.434397
4294.164206,87.092599
4300.858864,88.353582
4307.000325,88.686845
4312.413413,90.927349
4314.695124,92.979578
4320.601892,91.694260
4322.322513,89.927455
4325.908212,88.231241
4330.074590,87.917758
4335.332928,87.378078
4338.543476,87.676970
4339.522043,89.131569
4339.646888,88.892647
4339.387898,88.111077
4339.434161,88.524011
4340.181283,89.148745
4344.988641,91.545138
4352.303566,93.894485
4357.104971,97.338441
4360.738452,100.043918
4365.492908,102.020152
4369.094529,105.247164
4372.384796,107.502872
4374.779519,110.040245
4378.241242,115.007486
4379.873440,118.499575
4381.647370,121.273282
4387.273411,122.241020
4390.566565,124.589251
4393.028069,127.385174
4397.482337,130.584663
4400.129954,133.863427
4407.220896,134.479586
4411.734077,134.756877
4414.824144,137.912069
4419.549674,141.534471
4423.899848,144.078985
4429.435520,144.686452
4435.859323,146.471163
4440.632481,148.526845
4443.366457,151.736894
4446.366641,154.908957
4449.065560,158.011220
4453.478634,159.559453
4459.159383,161.496040
4464.375018,162.252364
4471.181598,162.770310
4473.747487,165.412050
4477.451805,167.629273
4482.156659,169.777781
4488.089178,171.904502
4493.929917,172.339371
4499.126466,174.341759
4501.948408,175.533264
4506.262435,177.021012
4510.241510,179.765470
4514.049863,181.829389
4519.110776,182.790814
4525.202900,181.007106
4529.225756,179.855161
4532.398818,180.872613
4538.454637,180.646870
4542.083537,179.671974
4543.890854,181.405322
4548.689304,180.776422
4554.546322,179.629004
4560.046658,180.446744
4564.633552,181.836666
4569.168683,183.052330
4572.554005,184.615897
4577.243159,184.711321
4578.605501,184.859533
4580.580261,187.444425
4581.806253,191.802024
4586.261781,194.854596
4591.061148,197.295153
4595.627723,198.127795
4600.791966,200.347551
4606.632952,202.892675
4611.917482,201.391531
4618.375119,199.865803
4621.713023,196.981749
4626.190058,192.876574
4629.553972,190.166989
4631.648032,184.293489
4632.251380,182.764699
4633.487692,178.069233
4633.801764,174.676658
4633.837281,170.335387
4633.031427,164.711125
4633.264772,159.184630
4632.373160,153.692555
4631.176687,146.181163
4629.070418,140.524503
4627.371588,136.081144
4627.152989,129.725604
4626.137515,121.888842
4625.059511,117.459210
4625.485019,107.124339
4627.255789,99.050270
4628.004373,93.797474
4627.784282,86.610455
4628.189072,84.557287
4628.359145,79.747113
4629.120343,75.235966
4629.006364,72.837849
4629.115463,68.338667
4629.197887,63.250115
4626.314061,60.943816
4623.145540,56.844983
4618.897039,53.715730
4614.212324,52.573833
4612.343019,45.514012
4611.971910,41.141480
4612.240757,34.422399
4610.318428,27.430891
4610.166790,23.157829
4609.466246,18.377375
4611.302574,13.152131
4615.825310,9.245029
4618.149618,5.869921
4619.983871,1.175471
4620.986570,-1.159777
4621.689627,-5.078170
4622.564307,-7.028335
4625.196233,-9.168509
4628.319458,-11.694485
4631.905066,-11.899332
4636.603130,-14.552554
4638.444039,-16.006020
4644.029909,-18.352408
4649.284733,-19.609520
4654.584415,-22.983750
4658.381018,-25.501951
4660.387166,-30.009565
4662.461138,-33.045424
4665.588804,-36.931533
4666.331828,-41.437902
4667.769399,-45.936606
4672.910978,-48.522102
4677.240908,-51.730417
4677.545443,-53.012742
4677.754356,-53.439506
4678.660022,-53.561923
4683.387775,-55.521871
4682.568080,-59.408384
4684.433856,-63.783513
4688.041386,-67.710090
4691.110404,-71.301780
4694.401835,-78.535255
4696.599120,-81.538833
4699.889178,-85.551371
4701.437703,-88.736358
4704.072021,-92.483679
4706.633853,-96.888868
4711.598552,-102.591428
4715.140489,-107.559365
4718.771937,-112.960724
4722.154515,-117.323180
4725.413557,-121.772898
4729.932539,-125.141444
4735.747259,-127.503039
4741.317119,-130.432129
4747.020332,-132.185528
4752.617160,-133.265385
4757.140504,-134.995330
4760.706054,-135.946097
4767.051819,-136.108148
4774.556434,-138.024512
4778.971144,-137.880166
4785.143184,-138.649051
4791.435647,-139.432974
4797.729109,-139.655148
4803.766443,-140.076012
4809.587715,-142.000027
4816.702670,-142.649896
4823.273775,-143.454045
4830.054092,-145.414339
4835.252022,-146.714416
4841.133930,-148.208530
4848.030227,-149.861233
4854.574384,-150.027817
4860.849987,-151.797676
4866.885948,-153.039825
4871.464796,-155.209814
4876.564523,-157.929538
4878.646146,-161.280028
4884.132614,-163.407187
4886.388860,-164.824170
4887.304038,-168.545872
4887.335814,-173.959862
4888.484027,-180.465696
4886.396704,-187.425366
4887.126167,-194.420143
4888.261554,-201.733754
4888.052794,-207.029046
4888.185516,-212.869992
4888.986056,-219.546324
4887.491565,-226.426470
4887.070991,-232.623993
4888.242058,-237.891775
4887.710290,-243.617153
4890.966071,-249.251158
4891.234684,-256.686374
4891.689869,-263.198451
4893.267207,-267.516197
4893.646049,-273.675439
4893.430901,-278.051535
4893.478917,-284.679833
4892.707658,-293.063264
4892.447013,-300.987068
4889.851437,-306.772687
4890.256682,-312.135497
4889.138782,-317.404368
4889.459859,-320.488001
4891.192489,-327.650947
4889.225308,-331.443244
4887.841545,-336.201912
4886.944825,-340.284112
4886.987218,-348.155568
4889.920846,-354.644026
4893.024668,-361.329943
4895.123006,-365.080290
4894.939578,-369.012511
4898.159961,-368.919039
4898.161267,-367.440211
4898.838858,-367.249515
4899.145485,-366.353664
4899.613870,-365.504547
4899.964558,-364.248861
4899.872270,-362.855829
4899.637933,-361.659734
4900.149209,-358.554380
4900.176867,-356.870138
4900.240493,-355.925280
4899.840989,-355.452814
4899.520582,-356.458665
4899.795761,-362.677662
4900.840433,-369.626870
4903.437552,-372.316668
4902.603403,-373.879782
4899.659834,-376.882147
4900.667263,-378.641243
4899.813128,-383.537744
4897.818841,-388.215981
4898.152619,-397.222146
4896.744679,-400.663540
4894.745811,-403.102834
4893.730395,-407.895490
4892.618223,-414.038027
4888.128403,-415.217384
4884.589439,-417.191261
4881.304085,-421.010679
4876.868444,-421.159681
4870.916915,-423.706271
4866.765205,-428.694173
4862.370957,-431.491527
4855.995228,-432.455198
4851.538588,-432.471611
4846.101989,-434.436537
4841.255577,-434.708635
4833.276698,-438.951176
4828.001952,-442.700811
4823.042840,-444.329133
4820.007693,-444.998406
4815.305934,-450.025568
4808.669790,-455.394596
4800.593335,-455.295650
4797.003528,-457.894711
4791.107274,-462.079976
4786.938522,-463.978710
4782.477354,-466.562094
4777.528782,-468.833488
4770.693683,-470.391792
4764.047122,-474.335833
4759.705106,-477.653509
4754.588110,-482.738952
4748.857272,-487.419548
4743.273894,-491.519801
4739.641077,-495.590006
4738.803487,-495.480124
4739.472788,-495.673076
4739.404765,-495.524846
4738.871223,-496.229949
4736.337900,-497.859842
4732.252380,-501.557243
4729.815490,-505.538997
4727.212832,-511.836530
4723.979996,-519.337970
4723.245965,-527.333164
4721.519288,-532.762456
4718.563482,-537.086602
4715.474348,-540.989601
4713.532443,-545.171120
4710.235137,-550.011294
4706.952995,-553.303050
4704.170240,-557.420546
4698.400717,-564.227188
4692.975187,-570.517790
4692.151988,-574.004098
4689.031273,-580.740858
4686.150781,-586.020534
4681.324935,-590.734644
4677.754668,-594.030283
4672.869620,-596.730694
4668.254632,-599.380796
4663.520799,-606.701803
4660.502424,-612.992172
4658.062654,-619.662483
4655.849463,-626.920184
4654.267605,-634.442456
4652.218915,-641.554194
4650.168435,-647.053517
4649.654971,-653.430215
4648.650043,-660.851179
4649.206536,-668.081012
4649.827751,-675.624616
4650.414838,-682.106886
4650.018095,-691.281842
4647.703785,-695.172961
4645.488165,-699.742968
4642.413531,-702.660590
4637.795903,-707.438738
4633.863028,-712.169819
4629.007660,-716.640444
4623.558537,-722.063344
4618.351196,-727.334428
4613.826821,-732.611773
4608.534842,-738.945835
4604.921103,-743.063925
4600.881124,-749.519474
4598.685241,-757.336766
4596.733598,-762.634165
4597.609596,-771.034996
4596.699979,-777.723144
4596.948548,-782.924006
4599.015096,-788.699908
4601.445223,-795.099389
4603.354804,-800.321128
4607.189361,-806.684571
4608.648612,-810.356136
4608.787392,-815.890386
4609.871900,-821.756766
4611.325625,-826.954808
4611.925084,-834.791994
4610.140674,-840.222301
4608.581277,-845.484779
4606.524187,-850.361681
4603.525185,-856.908384
4602.843891,-861.986057
4600.506077,-868.743544
4598.800075,-873.280969
4596.907619,-879.080727
4595.549898,-882.686214
4592.994193,-887.199018
4589.913388,-891.573403
4587.186813,-896.210017
4584.155497,-899.729839
4580.354053,-902.926518
4575.279035,-906.468604
4570.234703,-912.078058
4566.037463,-915.801258
4562.477793,-920.940121
4559.155905,-928.464695
4556.306057,-934.923204
4556.676216,-942.294346
4557.098542,-949.808500
4557.290736,-956.784800
4560.552136,-962.192103
4561.929296,-969.250548
4564.982415,-976.077165
4567.733791,-980.606841
4565.208617,-981.257339
4563.420015,-982.098529
4559.865427,-982.451684
4560.392556,-981.547778
4560.401086,-981.739471
4560.657278,-982.066123
4561.051540,-982.741002
4561.100644,-983.166445
4561.087776,-983.383870
4561.456803,-983.650210
4561.873862,-984.235122
4561.915991,-984.109294
4561.877714,-983.388946
4561.566544,-982.530876
4561.819679,-983.146638
4565.475469,-985.771431
4565.883084,-989.865614
4566.776305,-996.976638
4566.098983,-1003.027942
4563.098906,-1006.820696
4561.786712,-1012.425072
4561.895169,-1020.028969
4559.703918,-1026.618229
4556.472700,-1031.979486
4554.501058,-1038.809927
4552.269833,-1044.670712
4550.840480,-1051.090734
4551.943938,-1059.848860
4551.164985,-1066.592563
4547.498053,-1069.127633
4546.145127,-1072.820494
4543.119376,-1075.787011
4539.330106,-1077.221064
4537.191000,-1082.174482
4535.693474,-1085.664953
4531.336475,-1087.259736
4526.188744,-1093.167246
4520.427583,-1098.270898
4516.628582,-1102.899940
4512.497026,-1106.620047
4509.732410,-1110.444880
4506.051784,-1114.289660
4504.889498,-1120.682419
4502.655744,-1126.935492
4502.497690,-1131.436213
4500.353548,-1138.376754
4497.878154,-1144.923011
4498.936421,-1151.437782
4498.755937,-1157.843495
4500.213386,-1163.860125
4502.058912,-1170.729093
4503.078038,-1176.063191
4503.100340,-1183.020473
4502.448926,-1188.770508
4502.671155,-1193.797394
4502.179996,-1198.482941
4497.688676,-1203.220586
4496.376464,-1210.362332
4493.835365,-1214.717671
4492.577501,-1220.244510
4490.826295,-1227.663557
4490.188098,-1234.798561
4489.200096,-1240.586809
4487.112859,-1245.722965
4487.093857,-1250.273789
4483.661389,-1254.629457
4480.184852,-1262.747904
4477.878333,-1267.103840
4475.493071,-1276.867504
4472.321817,-1286.155510
4473.251156,-1292.320379
4474.780948,-1298.848161
4476.481652,-1305.397078
4477.172675,-1312.108390
4478.471280,-1317.398422
4480.438115,-1324.592928
4484.068181,-1330.707572
4486.902262,-1337.854449
4487.410414,-1343.207634
4484.587662,-1346.722462
4477.874639,-1346.005548
4472.425880,-1348.884781
4465.607760,-1352.485628
4460.234270,-1353.176277
4455.102827,-1360.684217
4451.870335,-1369.008749
4456.085422,-1372.770590
4459.472650,-1377.359512
4463.023725,-1378.619726
4468.281923,-1380.500409
4474.917670,-1382.719040
4481.111117,-1386.090865
4487.499202,-1391.640923
4492.625624,-1395.753616
4497.022984,-1399.078123
4504.081294,-1403.757107
4509.739573,-1412.755058
4515.945722,-1413.595332
4521.588416,-1419.177309
4525.602764,-1424.901670
4531.326558,-1433.276805
4532.788522,-1440.798412
4529.988446,-1445.799195
4524.601118,-1448.756467
4521.843590,-1454.598823
4518.119934,-1459.269443
4514.531412,-1462.815811
4511.706760,-1465.886025
4504.644514,-1468.954751
4501.085226,-1474.399606
4496.594724,-1479.286312
4491.649130,-1483.536917
4487.329187,-1487.990550
4485.261705,-1494.586147
4479.089600,-1497.790658
4474.352356,-1501.602589
4471.630534,-1508.506035
4471.161225,-1516.184840
4468.511483,-1520.608490
4466.991583,-1527.519721
4466.652135,-1534.660512
4467.081100,-1543.202074
4467.122288,-1549.679536
4466.810516,-1557.237882
4465.445739,-1562.019927
4468.274961,-1566.928871
4466.094135,-1575.028198
4465.309071,-1580.645630
4465.625529,-1584.792544
4465.163007,-1591.369125
4466.015441,-1597.595169
4465.639887,-1604.368395
4466.544812,-1609.834615
4469.790092,-1616.361453
4470.070559,-1621.201495
4472.175355,-1626.732722
4475.603509,-1632.224553
4481.131687,-1637.450975
4485.435934,-1645.484560
4490.844819,-1649.770152
4495.215518,-1654.803279
4498.179808,-1660.221749
4502.087555,-1665.715208
4506.632465,-1670.761666
4510.260168,-1676.461837
4513.130731,-1683.106269
4512.930503,-1690.020525
4515.806699,-1696.237244
4518.224349,-1700.886423
4523.369880,-1706.711014
4526.280889,-1712.771849
4528.339930,-1720.386741
4533.194415,-1725.766137
4537.283205,-1727.435238
4540.277893,-1731.627320
4543.099599,-1735.887773
4549.647072,-1737.851457
4558.557818,-1739.749213
4564.516022,-1742.173653
4569.239181,-1741.009835
4574.728242,-1748.577453
4579.975552,-1751.502153
4583.308572,-1756.771905
4584.539013,-1763.287419
4583.333608,-1770.570260
4579.091624,-1777.069921
4576.306681,-1783.278022
4573.207783,-1789.036279
4571.922197,-1795.160632
4569.009141,-1800.825901
4563.596860,-1802.342917
4559.529534,-1809.422874
4556.209210,-1815.048481
4556.264817,-1824.420687
4555.642502,-1829.667855
4554.459480,-1837.980086
4552.470523,-1846.656178
4551.780711,-1853.974134
4554.253253,-1861.520126
4559.626130,-1866.552667
4564.280878,-1870.320665
4566.960287,-1876.008054
4570.935821,-1882.158451
4572.501799,-1888.520196
4576.042358,-1891.853537
4577.912807,-1898.112296
4579.514577,-1903.712556
4582.859988,-1909.225541
4586.611230,-1914.502429
4591.210273,-1919.817963
4596.353372,-1923.923319
4599.073157,-1930.597994
4602.501936,-1937.519930
4607.575201,-1942.479407
4613.325111,-1945.765828
4617.775630,-1949.997718
4622.917250,-1950.447732
4628.707729,-1949.684144
4634.806310,-1950.367968
4638.640592,-1953.220347
4642.782406,-1953.821851
4650.378585,-1951.690341
4656.614784,-1953.180355
4663.466592,-1954.226592
4670.550029,-1948.668572
4676.056320,-1943.129476
4679.137932,-1935.464868
4683.770160,-1930.541957
4687.940575,-1928.739702
4693.460070,-1923.655337
4695.411485,-1917.593335
4703.539026,-1914.710796
4707.535191,-1909.551134
4713.220015,-1906.041409
4716.009307,-1898.687384
4721.331961,-1893.166759
4726.300168,-1890.687778
4729.883112,-1888.889407
4733.256441,-1889.915710
4736.799355,-1890.134556
4740.127195,-1894.270168
4744.733377,-1895.548417
4748.095297,-1895.252638
4750.642427,-1898.180441
4752.555315,-1901.583766
4754.563471,-1906.207792
4757.248105,-1911.027099
4760.388279,-1917.163339
4764.351574,-1921.347192
4769.470426,-1925.487152
4773.686570,-1929.164830
4778.234038,-1931.240625
4783.920948,-1933.139280
4788.686921,-1937.147475
4794.666351,-1938.776037
4804.799010,-1940.207116
4811.830457,-1942.712829
4817.442537,-1945.949181
4821.979034,-1947.808537
4827.108654,-1947.824445
4830.820783,-1945.419195
4836.822097,-1944.668372
4838.641205,-1941.647131
4837.081345,-1937.188198
4837.416965,-1935.361547
4838.923185,-1933.528162
4841.752744,-1931.275909
4841.825987,-1931.541023
4842.721973,-1930.649151
4841.754124,-1928.455294
4841.746415,-1926.461378
4840.915283,-1925.630794
4837.527413,-1923.919921
4834.059003,-1924.330500
4829.080089,-1924.002324
4823.331309,-1921.578090
4817.505308,-1919.719326
4815.913944,-1919.287110
4815.161785,-1919.017643
4812.960969,-1916.704988
4815.026841,-1912.261838
4813.120958,-1906.713205
4812.616349,-1903.914037
4814.352943,-1903.035409
4815.415013,-1898.415616
4814.439886,-1895.588327
4815.677579,-1893.705847
4818.621235,-1888.218106
4820.459262,-1881.906789
4825.489340,-1883.999526
4828.332588,-1884.286121
4832.897041,-1886.739916
4837.282412,-1887.752764
4839.406699,-1891.774072
4842.569514,-1896.405597
4844.882394,-1901.642407
4844.517035,-1909.016241
4846.982324,-1915.971323
4842.189715,-1924.689188
4843.946003,-1930.632131
4846.637112,-1934.966244
4852.888378,-1938.642331
4857.023607,-1942.675363
4860.881988,-1943.910601
4865.689830,-1946.271107
4871.003104,-1948.085933
4875.415484,-1949.158068
4873.645742,-1941.620653
4869.901894,-1940.614768
4868.734848,-1936.272192
4869.679569,-1934.379920
4867.681956,-1932.908728
4865.932376,-1929.812895
4866.105265,-1923.142672
4867.126068,-1915.717763
4869.781439,-1905.796979
4875.618793,-1888.624082
4876.117793,-1878.779081
4882.123508,-1876.126351
4890.456943,-1870.989304
4890.427221,-1868.756616
4892.183595,-1863.745941
4892.233475,-1856.213168
4888.100039,-1848.821072
4885.554523,-1847.554612
4880.788969,-1845.364080
4878.359302,-1843.694419
4876.195291,-1839.299220
4872.021841,-1831.782463
4869.571376,-1826.553456
4871.693688,-1824.207249
4871.717404,-1823.936713
4871.893015,-1824.283901
4877.483705,-1828.028519
4883.437794,-1833.930070
4883.456769,-1835.793950
4883.466766,-1835.152271
4882.273139,-1838.310835
4878.822159,-1834.971257
4877.888918,-1837.271078
4877.863472,-1837.007484
4875.819443,-1829.044145
4875.574339,-1818.611514
